chain,wild-type,res-number,distance-to-interface
A,SER,19,2.6310000000000002
A,GLN,24,3.031
A,THR,27,3.7030000000000003
A,PHE,28,3.3760000000000003
A,ASP,30,4.1160000000000005
A,LYS,31,2.925
A,HIS,34,3.049
A,GLU,35,2.9330000000000003
A,GLU,37,3.185
A,ASP,38,2.991
A,TYR,41,2.623
A,GLN,42,3.094
A,LEU,45,3.8510000000000004
A,LEU,79,3.5410000000000004
A,MET,82,3.4810000000000003
A,TYR,83,2.9330000000000003
A,GLY,326,5.537999999999999
A,GLU,329,4.056
A,ASN,330,3.617
A,GLY,352,5.412000000000001
A,LYS,353,2.82
A,GLY,354,3.447
A,ASP,355,3.475
A,ARG,357,3.595
A,ARG,393,3.533
E,ARG,439,4.056
E,THR,446,4.919
E,TYR,449,2.991
E,TYR,453,3.049
E,LEU,455,3.45
E,PHE,456,3.7030000000000003
E,TYR,473,4.843
E,ALA,475,2.6310000000000002
E,GLY,476,3.8280000000000003
E,SER,477,4.4639999999999995
E,PHE,486,3.342
E,ASN,487,2.9330000000000003
E,TYR,489,3.031
E,PHE,490,4.175
E,LEU,492,4.715
E,GLN,493,2.925
E,GLY,496,2.98
E,PHE,497,4.837
E,GLN,498,3.094
E,THR,500,2.623
E,ASN,501,3.2769999999999997
E,GLY,502,2.82
E,TYR,505,3.185
