chain,wild-type,res-number,mutant,distance-to-interface,mcsm-ppi2-prediction,affinity
E,TYR,489,ALA,3.031,-1.514,Decreasing
E,TYR,453,ALA,3.049,-0.895,Decreasing
A,GLN,42,ALA,3.094,-0.417,Decreasing
A,THR,27,ALA,3.703,-0.628,Decreasing
A,GLU,37,ALA,3.185,-0.91,Decreasing
E,ASN,487,ALA,2.933,-1.108,Decreasing
A,GLU,329,ALA,4.056,-0.535,Decreasing
A,LEU,45,ALA,3.851,-0.484,Decreasing
E,GLY,502,ALA,2.82,-0.761,Decreasing
A,MET,82,ALA,3.481,-0.357,Decreasing
E,GLN,493,ALA,2.925,-0.613,Decreasing
A,ASP,30,ALA,4.116,-0.185,Decreasing
E,LEU,455,ALA,3.45,-1.345,Decreasing
A,TYR,83,ALA,2.933,-1.51,Decreasing
A,GLN,24,ALA,3.031,-0.684,Decreasing
A,HIS,34,ALA,3.049,-0.409,Decreasing
A,ARG,357,ALA,3.595,-0.87,Decreasing
A,PHE,28,ALA,3.376,-1.947,Decreasing
A,GLU,35,ALA,2.933,-1.003,Decreasing
E,THR,500,ALA,2.623,-0.568,Decreasing
E,GLY,496,ALA,2.98,-0.496,Decreasing
E,ARG,439,ALA,4.056,0.016,Increasing
E,TYR,473,ALA,4.843,-0.489,Decreasing
E,TYR,449,ALA,2.991,-0.504,Decreasing
A,LYS,353,ALA,2.82,-1.166,Decreasing
A,TYR,41,ALA,2.623,-1.939,Decreasing
E,ASN,501,ALA,3.277,-1.131,Decreasing
E,TYR,505,ALA,3.185,-1.638,Decreasing
E,THR,446,ALA,4.919,-0.05,Decreasing
A,ASN,330,ALA,3.617,-0.367,Decreasing
E,PHE,456,ALA,3.703,-1.487,Decreasing
A,SER,19,ALA,2.631,-0.102,Decreasing
A,LYS,31,ALA,2.925,-1.136,Decreasing
A,LEU,79,ALA,3.541,-0.803,Decreasing
A,ASP,38,ALA,2.991,-1.201,Decreasing
A,ASP,355,ALA,3.475,-1.784,Decreasing
E,PHE,486,ALA,3.342,-0.708,Decreasing
E,PHE,497,ALA,4.837,-0.794,Decreasing
E,SER,477,ALA,4.464,-0.049,Decreasing
E,PHE,490,ALA,4.175,-0.454,Decreasing
A,GLY,354,ALA,3.447,-1.283,Decreasing
E,GLN,498,ALA,3.094,-1.193,Decreasing
E,GLY,476,ALA,3.828,-0.333,Decreasing
E,LEU,492,ALA,4.715,-0.471,Decreasing
A,ARG,393,ALA,3.533,-0.413,Decreasing
